"beta","gamma2","sigma2","n_clusters","R_per_cluster","replication","estimated_beta","lower_confint","upper_confint","ratio"
1,1,1,15,12,1,1.03265779667347,-0.142310335683577,2.20762592903052,"2:1"
1,1,1,15,12,2,0.321725375923623,-0.595112563374473,1.23856331522172,"2:1"
1,1,1,15,12,3,0.915104948894829,-0.270912043477785,2.10112194126744,"2:1"
1,1,1,15,12,4,1.12283876487327,0.334343690675898,1.91133383907065,"2:1"
1,1,1,15,12,5,0.862269232914798,-0.307682864943591,2.03222133077319,"2:1"
1,1,1,15,12,6,1.00598214831646,0.0720435594370722,1.93992073719585,"2:1"
1,1,1,15,12,7,1.7018455261577,0.244880990385595,3.1588100619298,"2:1"
1,1,1,15,12,8,2.45421711525682,1.47267043510355,3.43576379541008,"2:1"
1,1,1,15,12,9,1.14670848337254,-0.0791410389170319,2.37255800566211,"2:1"
1,1,1,15,12,10,1.54800636580375,0.489534313420025,2.60647841818747,"2:1"
1,1,1,15,12,11,1.15351842758295,0.00552301469758509,2.30151384046831,"2:1"
1,1,1,15,12,12,1.95191352043847,0.71410736745272,3.18971967342422,"2:1"
1,1,1,15,12,13,0.326468983649769,-0.757065378227057,1.41000334552659,"2:1"
1,1,1,15,12,14,1.42192157558244,0.558617895816531,2.28522525534835,"2:1"
1,1,1,15,12,15,1.07510738686382,-0.308666600122719,2.45888137385036,"2:1"
1,1,1,15,12,16,1.11399731696243,-0.0875723474523693,2.31556698137722,"2:1"
1,1,1,15,12,17,1.23587609890895,0.120195699172377,2.35155649864552,"2:1"
1,1,1,15,12,18,0.939966885741922,-0.250017777847099,2.12995154933094,"2:1"
1,1,1,15,12,19,1.88635718807217,0.782353369802627,2.99036100634171,"2:1"
1,1,1,15,12,20,1.09976768337377,0.134530369534085,2.06500499721345,"2:1"
1,1,1,15,12,21,-0.154744315412575,-1.29356452583501,0.984075895009858,"2:1"
1,1,1,15,12,22,-0.0170218216816286,-0.849854885689301,0.815811242326043,"2:1"
1,1,1,15,12,23,0.35806616202462,-0.971003967380809,1.68713629143005,"2:1"
1,1,1,15,12,24,0.78324727471502,-0.0819387207381126,1.64843327016815,"2:1"
1,1,1,15,12,25,0.72457145403609,-0.0720355418413569,1.52117844991354,"2:1"
1,1,1,15,12,26,1.73937564207726,0.656668990093374,2.82208229406115,"2:1"
1,1,1,15,12,27,0.902695069557559,-0.225386545483264,2.03077668459838,"2:1"
1,1,1,15,12,28,2.24356560822326,1.05333102204977,3.43380019439675,"2:1"
1,1,1,15,12,29,1.09220220468544,0.547592519651639,1.63681188971924,"2:1"
1,1,1,15,12,30,0.0496476050662184,-1.15745110950123,1.25674631963367,"2:1"
1,1,1,15,12,31,1.41214357228618,0.391648322704025,2.43263882186833,"2:1"
1,1,1,15,12,32,0.306647575832269,-0.669851520034281,1.28314667169882,"2:1"
1,1,1,15,12,33,0.846331116897081,0.00342595256590583,1.68923628122826,"2:1"
1,1,1,15,12,34,0.373011386097378,-1.16124606041811,1.90726883261286,"2:1"
1,1,1,15,12,35,0.581707127429537,-0.522348195240197,1.68576245009927,"2:1"
1,1,1,15,12,36,0.925968951490864,-0.187954253079874,2.0398921560616,"2:1"
1,1,1,15,12,37,0.959074935060098,-0.0988677801197787,2.01701765023997,"2:1"
1,1,1,15,12,38,0.671593013544891,-0.256087274007289,1.59927330109707,"2:1"
1,1,1,15,12,39,0.114856718162037,-1.1663526845533,1.39606612087737,"2:1"
1,1,1,15,12,40,0.427922758580953,-0.631331398948942,1.48717691611085,"2:1"
1,1,1,15,12,41,1.04329087690237,-0.0795073361763379,2.16608908998108,"2:1"
1,1,1,15,12,42,0.801670492962785,-0.0791855354108141,1.68252652133638,"2:1"
1,1,1,15,12,43,1.6800185179936,0.513340207785206,2.84669682820199,"2:1"
1,1,1,15,12,44,1.40317430393982,0.271841072623898,2.53450753525574,"2:1"
1,1,1,15,12,45,2.38201063623728,0.932687990764833,3.83133328170974,"2:1"
1,1,1,15,12,46,1.54179344981481,0.356959868024142,2.72662703160547,"2:1"
1,1,1,15,12,47,-0.220669213177803,-1.08521717462156,0.643878748265959,"2:1"
1,1,1,15,12,48,1.07424637369107,0.0942578112343604,2.05423493614778,"2:1"
1,1,1,15,12,49,0.359587125240135,-0.494050641385232,1.2132248918655,"2:1"
1,1,1,15,12,50,0.497335235905646,-0.366858701207875,1.36152917301917,"2:1"
1,1,1,15,12,51,0.720830502025393,-0.229104762553805,1.67076576660459,"2:1"
1,1,1,15,12,52,1.34686046008926,0.387211280763829,2.30650963941469,"2:1"
1,1,1,15,12,53,0.242205966683524,-0.752064033079855,1.2364759664469,"2:1"
1,1,1,15,12,54,0.679103266210445,0.00161967716574773,1.35658685525514,"2:1"
1,1,1,15,12,55,0.795848440871407,-0.414883459368437,2.00658034111125,"2:1"
1,1,1,15,12,56,1.49617909037155,0.514444370951117,2.47791380979198,"2:1"
1,1,1,15,12,57,1.03657598114386,0.0802615987302004,1.99289036355752,"2:1"
1,1,1,15,12,58,1.20377538128615,0.0437082967961375,2.36384246577617,"2:1"
1,1,1,15,12,59,0.606726911329395,-0.533606097427939,1.74705992008673,"2:1"
1,1,1,15,12,60,0.843007958300001,-0.2244815270811,1.9104974436811,"2:1"
1,1,1,15,12,61,0.650912016596946,-0.104741617196283,1.40656565039018,"2:1"
1,1,1,15,12,62,2.33559281445164,1.55212034974836,3.11906527915492,"2:1"
1,1,1,15,12,63,0.764914434919877,-0.178872630869625,1.70870150070938,"2:1"
1,1,1,15,12,64,1.00143979729606,-0.067499228168975,2.07037882276109,"2:1"
1,1,1,15,12,65,1.22200641807674,0.19618224419816,2.24783059195532,"2:1"
1,1,1,15,12,66,0.97044400681079,0.0139331131703684,1.92695490045121,"2:1"
1,1,1,15,12,67,0.779670043555265,-0.0246989500488892,1.58403903715942,"2:1"
1,1,1,15,12,68,1.7904132985897,1.07903928031765,2.50178731686175,"2:1"
1,1,1,15,12,69,1.08430913822442,-0.108126454084644,2.27674473053348,"2:1"
1,1,1,15,12,70,0.876410376215685,-0.0438488623120064,1.79666961474338,"2:1"
1,1,1,15,12,71,1.84834892284563,0.838094914271335,2.85860293141992,"2:1"
1,1,1,15,12,72,0.531740273938561,-0.771975506382386,1.83545605425951,"2:1"
1,1,1,15,12,73,0.528239517231557,-0.639400426431934,1.69587946089505,"2:1"
1,1,1,15,12,74,0.889409045137602,0.111894537863336,1.66692355241187,"2:1"
1,1,1,15,12,75,0.8715867286338,-0.127077352984608,1.87025081025221,"2:1"
1,1,1,15,12,76,0.735190179885096,-0.205425529403575,1.67580588917377,"2:1"
1,1,1,15,12,77,-0.538340080485301,-1.55880901491645,0.482128853945844,"2:1"
1,1,1,15,12,78,0.829900004132922,0.154215697047432,1.50558431121841,"2:1"
1,1,1,15,12,79,-0.255499625600571,-1.51555162541469,1.00455237421355,"2:1"
1,1,1,15,12,80,0.902324290094105,-0.58334930810231,2.38799788829052,"2:1"
1,1,1,15,12,81,0.472405888038193,-0.454918387063214,1.3997301631396,"2:1"
1,1,1,15,12,82,1.49362349729698,0.262850902608939,2.72439609198502,"2:1"
1,1,1,15,12,83,0.631950227553147,-0.840165030667532,2.10406548577383,"2:1"
1,1,1,15,12,84,0.0681218330358885,-1.30587682973806,1.44212049580984,"2:1"
1,1,1,15,12,85,1.45340856959273,0.267905435831159,2.63891170335431,"2:1"
1,1,1,15,12,86,1.64338011049221,0.517935508367808,2.7688247126166,"2:1"
1,1,1,15,12,87,1.06644431542565,0.281378306926003,1.8515103239253,"2:1"
1,1,1,15,12,88,-0.202516434916565,-1.08332221656067,0.678289346727537,"2:1"
1,1,1,15,12,89,0.700479687332769,-0.52960001068079,1.93055938534633,"2:1"
1,1,1,15,12,90,1.05164575722356,-0.0423157571669721,2.14560727161409,"2:1"
1,1,1,15,12,91,1.02222776604774,-0.373995210784797,2.41845074288027,"2:1"
1,1,1,15,12,92,1.04261465356869,-0.143242816299712,2.22847212343709,"2:1"
1,1,1,15,12,93,0.516413093336209,-0.430069667333313,1.46289585400573,"2:1"
1,1,1,15,12,94,1.20688377439569,-0.341419695201513,2.75518724399289,"2:1"
1,1,1,15,12,95,0.298528111996606,-1.22015582927669,1.8172120532699,"2:1"
1,1,1,15,12,96,0.911004358211305,-0.414810993920859,2.23681971034347,"2:1"
1,1,1,15,12,97,0.768002562897641,-0.945919881145426,2.48192500694071,"2:1"
1,1,1,15,12,98,0.633349236840327,-0.172553461956129,1.43925193563678,"2:1"
1,1,1,15,12,99,0.816819205794413,-0.073533349575114,1.70717176116394,"2:1"
1,1,1,15,12,100,1.27648340432747,0.413384746070867,2.13958206258407,"2:1"
1,1,1,10,18,1,1.48997282839962,-0.0367228526467891,3.01666850944604,"2:1"
1,1,1,10,18,2,1.55903286350027,-0.614845528606838,3.73291125560739,"2:1"
1,1,1,10,18,3,1.27068708412394,-0.364891899266188,2.90626606751407,"2:1"
1,1,1,10,18,4,0.930424778952065,-0.0581248235718193,1.91897438147595,"2:1"
1,1,1,10,18,5,1.38549322370607,0.133387697245568,2.63759875016658,"2:1"
1,1,1,10,18,6,-0.0672788467213438,-1.52799611895626,1.39343842551358,"2:1"
1,1,1,10,18,7,1.44998250907297,0.540011243745664,2.35995377440027,"2:1"
1,1,1,10,18,8,0.991948568253433,-0.298610260832968,2.28250739733983,"2:1"
1,1,1,10,18,9,1.68895650998276,0.270965883269287,3.10694713669623,"2:1"
1,1,1,10,18,10,1.80932026376235,0.197807993313247,3.42083253421144,"2:1"
1,1,1,10,18,11,0.0307751590374519,-1.08537958193948,1.14692990001439,"2:1"
1,1,1,10,18,12,-0.208483874582323,-1.73490409947118,1.31793635030654,"2:1"
1,1,1,10,18,13,1.68848796365858,0.561163025444885,2.81581290187227,"2:1"
1,1,1,10,18,14,1.22336929569079,-0.504819664094564,2.95155825547615,"2:1"
1,1,1,10,18,15,2.07840362382946,0.983138419862021,3.1736688277969,"2:1"
1,1,1,10,18,16,0.898846959507708,-0.289541930337422,2.08723584935284,"2:1"
1,1,1,10,18,17,0.666053500510456,-0.799375952085601,2.13148295310651,"2:1"
1,1,1,10,18,18,-0.140320974910068,-1.13746034513452,0.856818395314381,"2:1"
1,1,1,10,18,19,1.17477045237942,-0.0997476963212764,2.44928860108012,"2:1"
1,1,1,10,18,20,1.49456812725066,0.292401476815373,2.69673477768594,"2:1"
1,1,1,10,18,21,0.833171421628205,-0.156696521632762,1.82303936488917,"2:1"
1,1,1,10,18,22,0.163738135284442,-1.31557910992576,1.64305538049464,"2:1"
1,1,1,10,18,23,-0.956769403043568,-1.90164894287933,-0.0118898632078033,"2:1"
1,1,1,10,18,24,1.04521187095733,-0.355767574898212,2.44619131681288,"2:1"
1,1,1,10,18,25,0.719224269437278,-0.452004680455666,1.89045321933022,"2:1"
1,1,1,10,18,26,2.38295350070252,1.00820980374354,3.75769719766151,"2:1"
1,1,1,10,18,27,-0.102883026745262,-1.26754067309382,1.06177461960329,"2:1"
1,1,1,10,18,28,0.261842504651895,-1.22216167105003,1.74584668035382,"2:1"
1,1,1,10,18,29,1.00134409750964,0.0806717733677526,1.92201642165153,"2:1"
1,1,1,10,18,30,1.22963581886611,0.101954076559136,2.35731756117309,"2:1"
1,1,1,10,18,31,1.02912123720132,-0.691619648956155,2.74986212335879,"2:1"
1,1,1,10,18,32,0.507912221027707,-0.286188314722401,1.30201275677782,"2:1"
1,1,1,10,18,33,1.75619748894176,0.113564843240982,3.39883013464254,"2:1"
1,1,1,10,18,34,0.9030693494603,-0.121340453659097,1.9274791525797,"2:1"
1,1,1,10,18,35,-0.121480640244176,-1.04550904386887,0.802547763380523,"2:1"
1,1,1,10,18,36,0.44393390347316,-0.464958668698394,1.35282647564471,"2:1"
1,1,1,10,18,37,0.109334406043062,-1.46304105000823,1.68170986209435,"2:1"
1,1,1,10,18,38,-0.343300912314968,-2.99051063271577,2.30390880808583,"2:1"
1,1,1,10,18,39,1.40098480555617,-0.112527884444662,2.91449749555701,"2:1"
1,1,1,10,18,40,1.8573851358291,0.458908691304983,3.25586158035322,"2:1"
1,1,1,10,18,41,1.75938864201041,0.0698045527275062,3.44897273129331,"2:1"
1,1,1,10,18,42,1.13721048561221,-0.580708775780403,2.85512974700482,"2:1"
1,1,1,10,18,43,1.42265818686299,-0.200918491015555,3.04623486474154,"2:1"
1,1,1,10,18,44,1.01171917302917,-0.642335942250292,2.66577428830863,"2:1"
1,1,1,10,18,45,0.713495280644393,-0.873782644660245,2.30077320594903,"2:1"
1,1,1,10,18,46,0.545609815777716,-0.88282581254496,1.97404544410039,"2:1"
1,1,1,10,18,47,2.0744247315947,0.562141141024765,3.58670832216464,"2:1"
1,1,1,10,18,48,1.54550270836553,0.394280602835162,2.69672481389589,"2:1"
1,1,1,10,18,49,0.15282727516837,-0.609019886889619,0.914674437226359,"2:1"
1,1,1,10,18,50,0.976875499871,0.282314590941633,1.67143640880037,"2:1"
1,1,1,10,18,51,2.1303459350521,1.19638143294588,3.06431043715833,"2:1"
1,1,1,10,18,52,0.622244213469347,-0.745573772919012,1.99006219985771,"2:1"
1,1,1,10,18,53,1.37673447632056,-0.491512873923609,3.24498182656473,"2:1"
1,1,1,10,18,54,-0.350730986613966,-1.86686863939804,1.16540666617011,"2:1"
1,1,1,10,18,55,2.1289080317052,1.0195866041021,3.2382294593083,"2:1"
1,1,1,10,18,56,0.73672533641866,-0.53695524802068,2.010405920858,"2:1"
1,1,1,10,18,57,0.470438298617104,-0.637984641747138,1.57886123898135,"2:1"
1,1,1,10,18,58,1.13705413676392,-0.175566631933801,2.44967490546164,"2:1"
1,1,1,10,18,59,1.33613721442875,0.598623623798721,2.07365080505878,"2:1"
1,1,1,10,18,60,1.6952907090401,0.116197591711807,3.2743838263684,"2:1"
1,1,1,10,18,61,1.18501552014244,-0.391501622233863,2.76153266251873,"2:1"
1,1,1,10,18,62,0.75639440948234,-0.264239826789111,1.77702864575379,"2:1"
1,1,1,10,18,63,2.3682361605029,0.862409809468143,3.87406251153766,"2:1"
1,1,1,10,18,64,0.740537476780066,-0.159394644259799,1.64046959781993,"2:1"
1,1,1,10,18,65,1.36402192734296,-0.286041757196205,3.01408561188211,"2:1"
1,1,1,10,18,66,1.87450957717036,0.654154599229652,3.09486455511107,"2:1"
1,1,1,10,18,67,1.08045524640488,-0.776966416769783,2.93787690957954,"2:1"
1,1,1,10,18,68,1.51736271720345,0.590631900294005,2.4440935341129,"2:1"
1,1,1,10,18,69,1.73634384675737,0.282878854220981,3.18980883929375,"2:1"
1,1,1,10,18,70,0.98868742336649,-0.369282307095141,2.34665715382812,"2:1"
1,1,1,10,18,71,2.11085205100752,0.911553619895034,3.31015048212,"2:1"
1,1,1,10,18,72,1.49898489158942,0.394307858214445,2.60366192496439,"2:1"
1,1,1,10,18,73,0.500159119476395,-0.327212349509277,1.32753058846207,"2:1"
1,1,1,10,18,74,0.747554750713021,-1.42832473275587,2.92343423418191,"2:1"
1,1,1,10,18,75,-0.00645857842438301,-1.19807015612534,1.18515299927658,"2:1"
1,1,1,10,18,76,0.186643800232085,-1.52930351366186,1.90259111412603,"2:1"
1,1,1,10,18,77,1.67244188363608,0.231122186383961,3.1137615808882,"2:1"
1,1,1,10,18,78,0.505596585559233,-0.438855322265197,1.45004849338366,"2:1"
1,1,1,10,18,79,1.0200429393249,0.0534676060700405,1.98661827257977,"2:1"
1,1,1,10,18,80,0.501460533247403,-0.92509907012046,1.92802013661526,"2:1"
1,1,1,10,18,81,1.55483731034781,0.24156679074279,2.86810782995283,"2:1"
1,1,1,10,18,82,0.4497279072475,-0.491188671308138,1.39064448580314,"2:1"
1,1,1,10,18,83,0.279451212708839,-1.32557628025549,1.88447870567317,"2:1"
1,1,1,10,18,84,1.92616790955359,0.862284591194503,2.99005122791268,"2:1"
1,1,1,10,18,85,1.51039596142588,0.415138455532225,2.60565346731954,"2:1"
1,1,1,10,18,86,1.26126907630863,-0.528899129196506,3.05143728181377,"2:1"
1,1,1,10,18,87,0.775138520534164,-0.582605027661026,2.13288206872935,"2:1"
1,1,1,10,18,88,1.24774721109711,0.173296417834371,2.32219800435986,"2:1"
1,1,1,10,18,89,0.4999663030079,-0.986095846771311,1.98602845278711,"2:1"
1,1,1,10,18,90,NA,NA,NA,"2:1"
1,1,1,10,18,91,1.21806006255597,0.214214442354371,2.22190568275756,"2:1"
1,1,1,10,18,92,0.413474865469403,-1.4474846548149,2.2744343857537,"2:1"
1,1,1,10,18,93,0.937424387726954,-0.402718189249257,2.27756696470316,"2:1"
1,1,1,10,18,94,1.95332193020483,0.938061305930481,2.96858255447918,"2:1"
1,1,1,10,18,95,0.631451927665767,-1.05475789305582,2.31766174838735,"2:1"
1,1,1,10,18,96,0.0617385347917548,-1.59539852930555,1.71887559888906,"2:1"
1,1,1,10,18,97,0.177944218568368,-1.48395384227614,1.83984227941288,"2:1"
1,1,1,10,18,98,0.0190924734074993,-1.55635232234842,1.59453726916342,"2:1"
1,1,1,10,18,99,0.406461753779783,-1.73930314094119,2.55222664850075,"2:1"
1,1,1,10,18,100,0.968995417425216,0.351472253288589,1.58651858156184,"2:1"
1,1,1,5,38,1,0.365554394192894,-1.93099055737097,2.66209934575676,"2:1"
1,1,1,5,38,2,0.446077373168735,-0.446699812695188,1.33885455903266,"2:1"
1,1,1,5,38,3,1.88983905611148,0.128024654135645,3.65165345808732,"2:1"
1,1,1,5,38,4,3.86995550456187,2.02626503333318,5.71364597579056,"2:1"
1,1,1,5,38,5,-0.198999516414952,-1.32787678672268,0.929877753892771,"2:1"
1,1,1,5,38,6,3.20779837242153,0.0499367471093715,6.36565999773369,"2:1"
1,1,1,5,38,7,-0.491736918837731,-1.48862087654045,0.505147038864987,"2:1"
1,1,1,5,38,8,1.08909202867219,0.192871828569039,1.98531222877534,"2:1"
1,1,1,5,38,9,1.40879036032808,0.452422621798588,2.36515809885757,"2:1"
1,1,1,5,38,10,-0.243660071707567,-2.67380224428326,2.18648210086812,"2:1"
1,1,1,5,38,11,1.22929682408758,0.0108940441121232,2.44769960406304,"2:1"
1,1,1,5,38,12,0.929589311009037,-1.75535715047391,3.61453577249198,"2:1"
1,1,1,5,38,13,-0.588569346200182,-2.78752722774401,1.61038853534365,"2:1"
1,1,1,5,38,14,1.87087132202193,0.936934071461589,2.80480857258227,"2:1"
1,1,1,5,38,15,2.17859390693752,0.573874509572274,3.78331330430277,"2:1"
1,1,1,5,38,16,-0.0249917486521396,-1.7997930377737,1.74980954046942,"2:1"
1,1,1,5,38,17,0.292718982718771,-2.28014331108854,2.86558127652608,"2:1"
1,1,1,5,38,18,2.69440749602799,-0.744492329776769,6.13330732183274,"2:1"
1,1,1,5,38,19,0.00159542418577681,-1.65542534430538,1.65861619267693,"2:1"
1,1,1,5,38,20,NA,NA,NA,"2:1"
1,1,1,5,38,21,-0.913943816278518,-1.78225737374531,-0.0456302588117294,"2:1"
1,1,1,5,38,22,0.41931038961138,-0.477115939116288,1.31573671833905,"2:1"
1,1,1,5,38,23,2.59916937497536,0.119558347523048,5.07878040242767,"2:1"
1,1,1,5,38,24,0.918777539908216,0.196090214381244,1.64146486543519,"2:1"
1,1,1,5,38,25,-0.385225380444563,-1.7507304569996,0.980279696110476,"2:1"
1,1,1,5,38,26,0.599403175663379,-1.52509044624133,2.72389679756809,"2:1"
1,1,1,5,38,27,NA,NA,NA,"2:1"
1,1,1,5,38,28,1.45801757711068,-1.3111334072907,4.22716856151206,"2:1"
1,1,1,5,38,29,-0.122501383898775,-1.11572276803675,0.870720000239203,"2:1"
1,1,1,5,38,30,1.51932610830871,-0.824319015884764,3.86297123250218,"2:1"
1,1,1,5,38,31,0.359135050941572,-1.17889535260491,1.89716545448805,"2:1"
1,1,1,5,38,32,0.591460815819428,-3.64255220318703,4.82547383482589,"2:1"
1,1,1,5,38,33,NA,NA,NA,"2:1"
1,1,1,5,38,34,NA,NA,NA,"2:1"
1,1,1,5,38,35,NA,NA,NA,"2:1"
1,1,1,5,38,36,0.532276571871923,-2.02867881056614,3.09323195430999,"2:1"
1,1,1,5,38,37,0.201761415765557,-1.73067206777494,2.13419489930606,"2:1"
1,1,1,5,38,38,0.692496636359221,-0.937794276719923,2.32278754943836,"2:1"
1,1,1,5,38,39,3.32015329508469,0.308960269409252,6.33134632076013,"2:1"
1,1,1,5,38,40,1.45497982391362,0.775214141368269,2.13474550645897,"2:1"
1,1,1,5,38,41,0.103616798433094,-1.92293017113366,2.13016376799985,"2:1"
1,1,1,5,38,42,1.36707924061453,-0.367336121849165,3.10149460307822,"2:1"
1,1,1,5,38,43,1.85511982215066,0.174200028765471,3.53603961553586,"2:1"
1,1,1,5,38,44,1.86701003102481,0.14382739674163,3.59019266530799,"2:1"
1,1,1,5,38,45,1.37688148367161,-0.995125515963966,3.74888848330718,"2:1"
1,1,1,5,38,46,-0.00727622849228606,-2.5556893418266,2.54113688484203,"2:1"
1,1,1,5,38,47,0.600157750449728,-0.686086090964295,1.88640159186375,"2:1"
1,1,1,5,38,48,0.390650245794311,-0.426823504364848,1.20812399595347,"2:1"
1,1,1,5,38,49,1.79761886659906,1.10450833565035,2.49072939754776,"2:1"
1,1,1,5,38,50,-0.284485104632585,-4.06622740081792,3.49725719155275,"2:1"
1,1,1,5,38,51,0.851629486040585,-1.27623498079619,2.97949395287735,"2:1"
1,1,1,5,38,52,-0.0407995935659092,-0.762163929608712,0.680564742476894,"2:1"
1,1,1,5,38,53,0.35761139147433,-2.96238256384092,3.67760534678958,"2:1"
1,1,1,5,38,54,0.226388661820989,-0.580483245933695,1.03326056957567,"2:1"
1,1,1,5,38,55,0.284695539951134,-2.4675464649246,3.03693754482687,"2:1"
1,1,1,5,38,56,0.885545287030275,-0.896501388029874,2.66759196209042,"2:1"
1,1,1,5,38,57,NA,NA,NA,"2:1"
1,1,1,5,38,58,-0.660407585991647,-2.68321456579979,1.36239939381649,"2:1"
1,1,1,5,38,59,0.207368405002988,-1.28401844756895,1.69875525757493,"2:1"
1,1,1,5,38,60,1.20559891499635,-0.809058448835654,3.22025627882835,"2:1"
1,1,1,5,38,61,1.41069653491716,-0.536482390768275,3.3578754606026,"2:1"
1,1,1,5,38,62,0.842720989559378,-1.83031845418637,3.51576043330513,"2:1"
1,1,1,5,38,63,NA,NA,NA,"2:1"
1,1,1,5,38,64,2.69718414745255,0.78522025538401,4.6091480395211,"2:1"
1,1,1,5,38,65,1.07026448800612,0.512213035402064,1.62831594061017,"2:1"
1,1,1,5,38,66,NA,NA,NA,"2:1"
1,1,1,5,38,67,-0.00140226255101757,-0.845963964433457,0.843159439331422,"2:1"
1,1,1,5,38,68,0.393884875763936,-1.44921580806438,2.23698555959226,"2:1"
1,1,1,5,38,69,-0.759769335202625,-2.74640969329314,1.22687102288789,"2:1"
1,1,1,5,38,70,NA,NA,NA,"2:1"
1,1,1,5,38,71,1.99465470677747,0.699610737630616,3.28969867592433,"2:1"
1,1,1,5,38,72,0.169170800594087,-0.800858876141784,1.13920047732996,"2:1"
1,1,1,5,38,73,1.29005418455493,-0.12103322759289,2.70114159670274,"2:1"
1,1,1,5,38,74,1.31650167747412,-1.08552300578447,3.71852636073272,"2:1"
1,1,1,5,38,75,1.47025831574951,-0.142882496825079,3.08339912832409,"2:1"
1,1,1,5,38,76,NA,NA,NA,"2:1"
1,1,1,5,38,77,1.94127998265303,-0.167613462589291,4.05017342789534,"2:1"
1,1,1,5,38,78,-0.74931556138475,-3.52744210329739,2.02881098052789,"2:1"
1,1,1,5,38,79,0.151251411781744,-1.33171119944683,1.63421402301032,"2:1"
1,1,1,5,38,80,NA,NA,NA,"2:1"
1,1,1,5,38,81,-0.683429559626051,-1.49324365694461,0.126384537692511,"2:1"
1,1,1,5,38,82,2.49531378870503,1.0915107363462,3.89911684106386,"2:1"
1,1,1,5,38,83,0.387529766629806,-1.56318822368576,2.33824775694537,"2:1"
1,1,1,5,38,84,0.175573009622637,-1.98808784534203,2.3392338645873,"2:1"
1,1,1,5,38,85,0.500041334328566,-1.75468384362129,2.75476651227843,"2:1"
1,1,1,5,38,86,1.56762378099033,-0.865550760759832,4.0007983227405,"2:1"
1,1,1,5,38,87,1.80190499871862,0.625076468489464,2.97873352894778,"2:1"
1,1,1,5,38,88,3.23942982884027,2.36760530785639,4.11125434982414,"2:1"
1,1,1,5,38,89,NA,NA,NA,"2:1"
1,1,1,5,38,90,0.40535334379218,-2.38583439836146,3.19654108594582,"2:1"
1,1,1,5,38,91,2.43494071838405,0.875103133105052,3.99477830366305,"2:1"
1,1,1,5,38,92,0.410860613068354,-0.767256228858147,1.58897745499486,"2:1"
1,1,1,5,38,93,1.64738712174606,-0.607522988772668,3.90229723226479,"2:1"
1,1,1,5,38,94,1.06468773143344,-0.44436748353576,2.57374294640263,"2:1"
1,1,1,5,38,95,-0.727579563014626,-3.7414346654499,2.28627553942065,"2:1"
1,1,1,5,38,96,1.1267648695064,-1.12719071722928,3.38072045624208,"2:1"
1,1,1,5,38,97,-0.307689726245711,-2.43556594281445,1.82018649032303,"2:1"
1,1,1,5,38,98,-0.291352087150789,-2.00402364470564,1.42131947040406,"2:1"
1,1,1,5,38,99,NA,NA,NA,"2:1"
1,1,1,5,38,100,2.16690500972635,0.707170780937722,3.62663923851497,"2:1"
1,1,1,10,16,1,1.33796978379535,0.28149765493034,2.39444191266035,"50:1"
1,1,1,10,16,2,1.42242967966595,0.743153291463347,2.10170606786856,"50:1"
1,1,1,10,16,3,1.64802259607092,0.20880009279872,3.08724509934312,"50:1"
1,1,1,10,16,4,0.519225011780136,-1.03261283036775,2.07106285392802,"50:1"
1,1,1,10,16,5,1.50644663297755,0.426947721311218,2.58594554464389,"50:1"
1,1,1,10,16,6,1.28085303593498,-0.0182585005440548,2.57996457241401,"50:1"
1,1,1,10,16,7,-0.216363403147472,-1.81830239218544,1.38557558589049,"50:1"
1,1,1,10,16,8,-0.241221680144985,-1.58643055016447,1.1039871898745,"50:1"
1,1,1,10,16,9,1.6411668629509,0.719168429767054,2.56316529613475,"50:1"
1,1,1,10,16,10,0.905324827425904,0.158614716674751,1.65203493817706,"50:1"
1,1,1,10,16,11,0.340420918268137,-1.107092494117,1.78793433065328,"50:1"
1,1,1,10,16,12,1.10856010090449,-0.460040289286426,2.6771604910954,"50:1"
1,1,1,10,16,13,1.04648295259034,-0.160105630973292,2.25307153615397,"50:1"
1,1,1,10,16,14,1.01790097052075,-0.124599473804569,2.16040141484608,"50:1"
1,1,1,10,16,15,0.793478297712671,-0.771380721740652,2.35833731716599,"50:1"
1,1,1,10,16,16,1.57159433593335,0.310443077086211,2.8327455947805,"50:1"
1,1,1,10,16,17,1.94059569329223,1.13619165067689,2.74499973590757,"50:1"
1,1,1,10,16,18,1.4008566575425,0.549120910469341,2.25259240461566,"50:1"
1,1,1,10,16,19,1.98955615395134,0.913845036334137,3.06526727156853,"50:1"
1,1,1,10,16,20,1.52782069759445,0.423509559353912,2.63213183583498,"50:1"
1,1,1,10,16,21,1.38783827732429,0.152393833908145,2.62328272074044,"50:1"
1,1,1,10,16,22,0.540422680803533,-0.549060282074423,1.62990564368149,"50:1"
1,1,1,10,16,23,1.86967513984464,0.967180783129394,2.77216949655988,"50:1"
1,1,1,10,16,24,2.47159456233913,0.969328160744607,3.97386096393365,"50:1"
1,1,1,10,16,25,1.08680906522393,-0.105678881880217,2.27929701232808,"50:1"
1,1,1,10,16,26,1.82832432549229,-0.0373342922986069,3.69398294328318,"50:1"
1,1,1,10,16,27,1.53484094779534,0.0849170891158926,2.98476480647479,"50:1"
1,1,1,10,16,28,0.694783401155111,-0.311639156845729,1.70120595915595,"50:1"
1,1,1,10,16,29,0.672953231942322,-1.1565387820884,2.50244524597305,"50:1"
1,1,1,10,16,30,0.844063387818811,-0.0340969811261548,1.72222375676378,"50:1"
1,1,1,10,16,31,1.4438687947822,-0.377336204342535,3.26507379390693,"50:1"
1,1,1,10,16,32,1.95597025812175,0.537781243600102,3.3741592726434,"50:1"
1,1,1,10,16,33,1.20702663097317,-0.160722919688763,2.57477618163511,"50:1"
1,1,1,10,16,34,1.79211633645046,0.973246168553364,2.61098650434756,"50:1"
1,1,1,10,16,35,0.885466200183729,-0.723234226575978,2.49416662694344,"50:1"
1,1,1,10,16,36,0.842142412711836,-0.186361589655273,1.87064641507895,"50:1"
1,1,1,10,16,37,1.88354568348819,0.692747332539505,3.07434403443687,"50:1"
1,1,1,10,16,38,0.464999793301921,-0.664687636344756,1.5946872229486,"50:1"
1,1,1,10,16,39,1.29416248896179,0.530566215736828,2.05775876218675,"50:1"
1,1,1,10,16,40,1.50074434241944,0.29197315365535,2.70951553118352,"50:1"
1,1,1,10,16,41,1.44519485907514,-0.0565796959666007,2.94696941411688,"50:1"
1,1,1,10,16,42,-0.059593343920143,-1.19923842934639,1.0800517415061,"50:1"
1,1,1,10,16,43,-0.0978603596672999,-1.39027327614249,1.19455255680789,"50:1"
1,1,1,10,16,44,1.44843978130791,0.234985757062116,2.6618938055537,"50:1"
1,1,1,10,16,45,1.33587997313169,0.435426552602653,2.23633339366072,"50:1"
1,1,1,10,16,46,0.0207747447107766,-1.05427815756608,1.09582764698763,"50:1"
1,1,1,10,16,47,0.702451456037036,-0.245486587658101,1.65038949973217,"50:1"
1,1,1,10,16,48,-0.534405854668665,-2.50044147753849,1.43162976820115,"50:1"
1,1,1,10,16,49,0.412047616482738,-1.87602074145683,2.70011597442231,"50:1"
1,1,1,10,16,50,1.60735399943326,0.155411338277772,3.05929666058875,"50:1"
1,1,1,10,16,51,-0.146143468101728,-1.41254356253703,1.12025662633357,"50:1"
1,1,1,10,16,52,1.07720615414655,0.0495850442983972,2.1048272639947,"50:1"
1,1,1,10,16,53,0.891845886332463,-0.917562114085667,2.70125388675059,"50:1"
1,1,1,10,16,54,-0.0376860728083151,-1.34623862073946,1.27086647512283,"50:1"
1,1,1,10,16,55,1.12301427585271,-0.407011883289863,2.65304043499529,"50:1"
1,1,1,10,16,56,0.779887420380963,-0.53972969403355,2.09950453479548,"50:1"
1,1,1,10,16,57,1.02714586689086,0.189642315391633,1.86464941839009,"50:1"
1,1,1,10,16,58,0.0975271699955564,-1.04547495197383,1.24052929196494,"50:1"
1,1,1,10,16,59,0.547565203402549,-0.802432723195913,1.89756313000101,"50:1"
1,1,1,10,16,60,0.0509112216129013,-1.31830037359548,1.42012281682128,"50:1"
1,1,1,10,16,61,0.96299649158791,-0.110353892851922,2.03634687602774,"50:1"
1,1,1,10,16,62,1.14262440664284,-0.203779641622474,2.48902845490815,"50:1"
1,1,1,10,16,63,1.16052214106474,-0.193470819744196,2.51451510187367,"50:1"
1,1,1,10,16,64,0.779341200272856,-0.610798347602776,2.16948074814849,"50:1"
1,1,1,10,16,65,0.87196028825329,-0.312378686659159,2.05629926316574,"50:1"
1,1,1,10,16,66,1.33961028841612,0.273923590963481,2.40529698586876,"50:1"
1,1,1,10,16,67,1.78985082819917,0.528620144875219,3.05108151152313,"50:1"
1,1,1,10,16,68,0.636023897487413,-0.776781016611058,2.04882881158588,"50:1"
1,1,1,10,16,69,-0.39647057183602,-1.51290260258471,0.719961458912667,"50:1"
1,1,1,10,16,70,1.72265723017429,0.507118952555325,2.93819550779325,"50:1"
1,1,1,10,16,71,1.63736420741692,-0.0913305971694978,3.36605901200334,"50:1"
1,1,1,10,16,72,-0.120482162004187,-0.987131326442766,0.746167002434392,"50:1"
1,1,1,10,16,73,1.48882324157591,0.107639021164096,2.87000746198771,"50:1"
1,1,1,10,16,74,0.83209141515458,-0.207044101725261,1.87122693203442,"50:1"
1,1,1,10,16,75,1.56580102015767,-0.341701519412915,3.47330355972826,"50:1"
1,1,1,10,16,76,1.22999953250026,-0.0470868418816759,2.5070859068822,"50:1"
1,1,1,10,16,77,1.04097852882189,-0.151708600492684,2.23366565813647,"50:1"
1,1,1,10,16,78,0.675188987084773,-0.0727164071894735,1.42309438135902,"50:1"
1,1,1,10,16,79,1.46026118509124,0.0873455846958548,2.83317678548662,"50:1"
1,1,1,10,16,80,0.26648914458721,-1.49443786698167,2.02741615615609,"50:1"
1,1,1,10,16,81,2.06670188091755,0.614934095363797,3.5184696664713,"50:1"
1,1,1,10,16,82,0.130364830789813,-1.16912829272549,1.42985795430511,"50:1"
1,1,1,10,16,83,1.25396044307235,0.374677217448329,2.13324366869637,"50:1"
1,1,1,10,16,84,1.43664431205354,0.427384509190622,2.44590411491645,"50:1"
1,1,1,10,16,85,0.626977700120669,-0.375478810252479,1.62943421049382,"50:1"
1,1,1,10,16,86,0.904252895368849,-0.472525528439858,2.28103131917756,"50:1"
1,1,1,10,16,87,0.26850100806315,-1.18538585738655,1.72238787351285,"50:1"
1,1,1,10,16,88,1.1566785921434,0.28674589753857,2.02661128674822,"50:1"
1,1,1,10,16,89,0.664233614803675,-1.14729907319184,2.47576630279919,"50:1"
1,1,1,10,16,90,0.323387584259044,-0.95598784445662,1.60276301297471,"50:1"
1,1,1,10,16,91,2.06381929813189,0.121086952716624,4.00655164354715,"50:1"
1,1,1,10,16,92,0.77587694600938,-0.859728492175241,2.411482384194,"50:1"
1,1,1,10,16,93,0.290590685118247,-0.41841028722858,0.999591657465074,"50:1"
1,1,1,10,16,94,0.998062413440407,-0.457400772881034,2.45352559976185,"50:1"
1,1,1,10,16,95,1.67128969786251,0.394596006657319,2.9479833890677,"50:1"
1,1,1,10,16,96,0.218974213538756,-1.15179228743472,1.58974071451224,"50:1"
1,1,1,10,16,97,1.48559050107477,0.0983328505184318,2.87284815163111,"50:1"
1,1,1,10,16,98,0.0715754890384737,-1.28441200266322,1.42756298074017,"50:1"
1,1,1,10,16,99,0.672981262922466,-0.671863660340813,2.01782618618574,"50:1"
1,1,1,10,16,100,1.02557457608898,-0.466844210695963,2.51799336287393,"50:1"
1,1,1,5,36,1,0.60064164023509,-0.978487312732453,2.17977059320263,"50:1"
1,1,1,5,36,2,2.13466572084387,-0.7937501635838,5.06308160527154,"50:1"
1,1,1,5,36,3,0.220042107407766,-2.20440160542375,2.64448582023928,"50:1"
1,1,1,5,36,4,1.3486385569105,-0.941848943585259,3.63912605740626,"50:1"
1,1,1,5,36,5,2.09586450240475,0.00571878732094078,4.18601021748855,"50:1"
1,1,1,5,36,6,2.34962001895789,1.38395846357325,3.31528157434254,"50:1"
1,1,1,5,36,7,2.59125303782697,1.58206239185434,3.60044368379959,"50:1"
1,1,1,5,36,8,0.284208157774133,-2.6160297447627,3.18444606031096,"50:1"
1,1,1,5,36,9,2.47591627290124,-0.374818663091316,5.3266512088938,"50:1"
1,1,1,5,36,10,1.946086005607,-0.873724568573902,4.7658965797879,"50:1"
1,1,1,5,36,11,0.82751557663853,-0.424974674647057,2.08000582792412,"50:1"
1,1,1,5,36,12,-0.664396535573398,-1.88956193818119,0.56076886703439,"50:1"
1,1,1,5,36,13,2.61691364779163,1.13883565205168,4.09499164353159,"50:1"
1,1,1,5,36,14,3.15144137162843,0.977572719289829,5.32531002396702,"50:1"
1,1,1,5,36,15,1.1297427514651,-0.140958987666111,2.40044449059631,"50:1"
1,1,1,5,36,16,-0.668220550352059,-1.3847622400635,0.0483211393593824,"50:1"
1,1,1,5,36,17,-0.514769013397274,-1.14488290581847,0.115344879023922,"50:1"
1,1,1,5,36,18,1.16378060914465,-0.849767507113368,3.17732872540267,"50:1"
1,1,1,5,36,19,0.440887625654081,-1.33018967717809,2.21196492848625,"50:1"
1,1,1,5,36,20,2.06992131812474,0.971423669024879,3.1684189672246,"50:1"
1,1,1,5,36,21,0.0205296695883403,-1.85259663933662,1.89365597851331,"50:1"
1,1,1,5,36,22,2.28345631230264,1.03669373952074,3.53021888508454,"50:1"
1,1,1,5,36,23,-0.0307387789480579,-1.66313053207806,1.60165297418195,"50:1"
1,1,1,5,36,24,1.01864441067419,-1.00886342311735,3.04615224446573,"50:1"
1,1,1,5,36,25,0.870998297247152,-0.510454210271059,2.25245080476536,"50:1"
1,1,1,5,36,26,1.89745160499199,-1.43596234028571,5.23086555026969,"50:1"
1,1,1,5,36,27,1.57960599839672,0.128659684884876,3.03055231190856,"50:1"
1,1,1,5,36,28,-0.252427108938135,-1.64014511568216,1.13529089780589,"50:1"
1,1,1,5,36,29,-0.596725591302634,-2.02668090008155,0.83322971747628,"50:1"
1,1,1,5,36,30,1.81775493528464,-0.21716303591817,3.85267290648745,"50:1"
1,1,1,5,36,31,0.420521920708348,-2.46279062851175,3.30383446992844,"50:1"
1,1,1,5,36,32,1.52360901777196,-0.0526463668458732,3.09986440238979,"50:1"
1,1,1,5,36,33,0.757117281798688,-0.534552086243648,2.04878664984102,"50:1"
1,1,1,5,36,34,0.845889616531705,-0.684907269538823,2.37668650260223,"50:1"
1,1,1,5,36,35,0.814434744104722,-0.327980069681696,1.95684955789114,"50:1"
1,1,1,5,36,36,1.78982097741872,-2.23025538086198,5.80989733569942,"50:1"
1,1,1,5,36,37,0.368044555825208,-0.660627737433233,1.39671684908365,"50:1"
1,1,1,5,36,38,-0.0507218497828922,-2.17611762512989,2.07467392556411,"50:1"
1,1,1,5,36,39,1.32828736076744,-0.327920787615382,2.98449550915025,"50:1"
1,1,1,5,36,40,0.00272784904211006,-1.46459809021326,1.47005378829748,"50:1"
1,1,1,5,36,41,-0.206057871283209,-2.08013644976234,1.66802070719592,"50:1"
1,1,1,5,36,42,2.88663187072853,-0.0970708864963621,5.87033462795342,"50:1"
1,1,1,5,36,43,1.64246995074627,0.160937487203984,3.12400241428857,"50:1"
1,1,1,5,36,44,1.84041877783365,0.810063688893449,2.87077386677385,"50:1"
1,1,1,5,36,45,1.00180035060726,-0.580971979335708,2.58457268055022,"50:1"
1,1,1,5,36,46,NA,NA,NA,"50:1"
1,1,1,5,36,47,-0.988370482377003,-2.47067358259251,0.493932617838508,"50:1"
1,1,1,5,36,48,2.53888880142789,0.508279673310148,4.56949792954563,"50:1"
1,1,1,5,36,49,2.92444174860928,2.0283525256116,3.82053097160696,"50:1"
1,1,1,5,36,50,NA,NA,NA,"50:1"
1,1,1,5,36,51,-0.502723367693845,-0.906419113969432,-0.0990276214182577,"50:1"
1,1,1,5,36,52,2.09400959737885,-0.112392423648321,4.30041161840602,"50:1"
1,1,1,5,36,53,0.931547820836973,-0.54812124765163,2.41121688932558,"50:1"
1,1,1,5,36,54,0.140870111590446,-2.23042515319226,2.51216537637315,"50:1"
1,1,1,5,36,55,0.26059618973848,-1.77878290966898,2.29997528914594,"50:1"
1,1,1,5,36,56,3.97511361485198,1.80158888572917,6.14863834397479,"50:1"
1,1,1,5,36,57,2.25546507427758,0.670671854668734,3.84025829388642,"50:1"
1,1,1,5,36,58,0.524794633732566,-1.2500191760361,2.29960844350123,"50:1"
1,1,1,5,36,59,1.13097910224472,-1.64542990173904,3.90738810622847,"50:1"
1,1,1,5,36,60,0.408413251441876,-1.85706354063152,2.67389004351527,"50:1"
1,1,1,5,36,61,0.523587259574344,-1.39718892722095,2.44436344636964,"50:1"
1,1,1,5,36,62,0.920911515441739,-0.96078265893778,2.80260568982126,"50:1"
1,1,1,5,36,63,-0.984245352436994,-3.78401304263675,1.81552233776276,"50:1"
1,1,1,5,36,64,2.58939501913964,0.153124765447259,5.02566527283202,"50:1"
1,1,1,5,36,65,1.20012232363087,-1.36883886810572,3.76908351536746,"50:1"
1,1,1,5,36,66,2.38600846119705,0.619961145984076,4.15205577641002,"50:1"
1,1,1,5,36,67,1.1942011986212,-0.618933835623309,3.00733623286571,"50:1"
1,1,1,5,36,68,0.0750865512380049,-1.8857350110511,2.03590811352711,"50:1"
1,1,1,5,36,69,2.41352802237083,-0.00572823380335086,4.832784278545,"50:1"
1,1,1,5,36,70,0.726888847973158,-1.2303187353983,2.68409643134462,"50:1"
1,1,1,5,36,71,0.772905820529484,-1.36898108934464,2.91479273040361,"50:1"
1,1,1,5,36,72,1.19478749375097,0.542469904753399,1.84710508274854,"50:1"
1,1,1,5,36,73,1.42772549426025,-1.63157066021947,4.48702164873998,"50:1"
1,1,1,5,36,74,2.75867012351528,0.783068634979304,4.73427161205126,"50:1"
1,1,1,5,36,75,1.81258425649788,-0.831215625540896,4.45638413853665,"50:1"
1,1,1,5,36,76,1.57134402336386,0.321308306527734,2.82137974019999,"50:1"
1,1,1,5,36,77,-0.944538936999265,-3.06418377096097,1.17510589696244,"50:1"
1,1,1,5,36,78,1.74275893606833,0.173516238086218,3.31200163405044,"50:1"
1,1,1,5,36,79,1.0085056978565,-0.748609186823948,2.76562058253695,"50:1"
1,1,1,5,36,80,1.45801229150695,-0.611298032021956,3.52732261503586,"50:1"
1,1,1,5,36,81,2.5844568738933,0.935251171766516,4.23366257602008,"50:1"
1,1,1,5,36,82,1.44126413708551,0.180501343707205,2.70202693046381,"50:1"
1,1,1,5,36,83,0.401307790531443,-2.1685590133284,2.97117459439129,"50:1"
1,1,1,5,36,84,0.655681497065707,-1.43853204573766,2.74989503986907,"50:1"
1,1,1,5,36,85,-0.0329453873925316,-2.00446290648847,1.93857213170341,"50:1"
1,1,1,5,36,86,0.909246408620093,-0.843806765465147,2.66229958270533,"50:1"
1,1,1,5,36,87,1.13050696483974,-0.200532154096217,2.4615460837757,"50:1"
1,1,1,5,36,88,1.27535702489792,-1.09124926242532,3.64196331222117,"50:1"
1,1,1,5,36,89,2.04504189264314,0.0253620517505082,4.06472173353577,"50:1"
1,1,1,5,36,90,1.13450947837754,-0.681214765831071,2.95023372258614,"50:1"
1,1,1,5,36,91,-0.11811226899222,-2.01286343799223,1.77663890000779,"50:1"
1,1,1,5,36,92,0.961296745046682,0.225491806801967,1.6971016832914,"50:1"
1,1,1,5,36,93,0.661566372862899,-0.0574490516094415,1.38058179733524,"50:1"
1,1,1,5,36,94,0.314131369497496,-1.22419568351284,1.85245842250784,"50:1"
1,1,1,5,36,95,0.334001270072544,-3.02288391070637,3.69088645085146,"50:1"
1,1,1,5,36,96,1.64105746926013,0.775876472681257,2.50623846583899,"50:1"
1,1,1,5,36,97,0.479993580000568,-1.65827217136859,2.61825933136973,"50:1"
1,1,1,5,36,98,1.94476467329059,-2.4173928474211,6.30692219400229,"50:1"
1,1,1,5,36,99,0.25971125319217,-1.11398283135824,1.63340533774258,"50:1"
1,1,1,5,36,100,0.609059595414098,-1.25419605648093,2.47231524730913,"50:1"
1,1,1,10,10,1,0.963675842444621,-0.849573038172545,2.77692472306179,"10:1"
1,1,1,10,10,2,1.17261335397506,0.234918668595896,2.11030803935423,"10:1"
1,1,1,10,10,3,1.87828233922177,0.31941745473931,3.43714722370423,"10:1"
1,1,1,10,10,4,1.00733435423442,-0.753740004511485,2.76840871298032,"10:1"
1,1,1,10,10,5,0.882380942372721,-1.0580059157281,2.82276780047354,"10:1"
1,1,1,10,10,6,-0.280860098854579,-2.18754644750527,1.62582624979611,"10:1"
1,1,1,10,10,7,0.541989880073658,-0.99182418777767,2.07580394792499,"10:1"
1,1,1,10,10,8,0.513527996730354,-0.827198416742186,1.85425441020289,"10:1"
1,1,1,10,10,9,1.29704535710167,0.0766289387953663,2.51746177540796,"10:1"
1,1,1,10,10,10,1.30778630907239,-0.134525334995779,2.75009795314057,"10:1"
1,1,1,10,10,11,2.51857144883698,0.956302387856231,4.08084050981773,"10:1"
1,1,1,10,10,12,0.4955215345954,-1.10370477440361,2.09474784359441,"10:1"
1,1,1,10,10,13,0.0669501074881734,-1.72549545553838,1.85939567051473,"10:1"
1,1,1,10,10,14,0.868322539496789,-0.13004608524435,1.86669116423793,"10:1"
1,1,1,10,10,15,1.76588047651448,0.767256417945032,2.76450453508393,"10:1"
1,1,1,10,10,16,0.316799751704247,-1.03792685929349,1.67152636270199,"10:1"
1,1,1,10,10,17,1.22686647982077,-0.00372113098740434,2.45745409062895,"10:1"
1,1,1,10,10,18,0.630176360405851,-0.268811348353471,1.52916406916517,"10:1"
1,1,1,10,10,19,0.743301462027826,-0.856379148201144,2.3429820722568,"10:1"
1,1,1,10,10,20,0.793225043566529,-0.626084628047844,2.2125347151809,"10:1"
1,1,1,10,10,21,0.743516686532844,-0.428234804620573,1.91526817768626,"10:1"
1,1,1,10,10,22,1.64032883765524,0.571097678831085,2.7095599964794,"10:1"
1,1,1,10,10,23,0.367649771462854,-1.64742560640907,2.38272514933478,"10:1"
1,1,1,10,10,24,0.473589243573523,-0.760881586263154,1.7080600734102,"10:1"
1,1,1,10,10,25,0.770913673716666,-0.77942078212764,2.32124812956097,"10:1"
1,1,1,10,10,26,2.09022323837791,0.538413028012971,3.64203344874285,"10:1"
1,1,1,10,10,27,2.2139358378079,0.20260376430639,4.22526791130941,"10:1"
1,1,1,10,10,28,1.45251659646825,0.0267232711019865,2.87830992183452,"10:1"
1,1,1,10,10,29,0.796467929037956,-0.657879390483754,2.25081524855967,"10:1"
1,1,1,10,10,30,1.02413416617292,0.0851507969785821,1.96311753536725,"10:1"
1,1,1,10,10,31,1.82169798061106,0.545909671106622,3.09748629011549,"10:1"
1,1,1,10,10,32,2.1757591503864,0.996817115080508,3.35470118569228,"10:1"
1,1,1,10,10,33,1.68091228930038,0.156395673561829,3.20542890503892,"10:1"
1,1,1,10,10,34,1.0182368837728,-0.219928999220926,2.25640276676653,"10:1"
1,1,1,10,10,35,0.849705387995736,-0.408912814308172,2.10832359029964,"10:1"
1,1,1,10,10,36,0.649174170766945,-0.719206304604473,2.01755464613836,"10:1"
1,1,1,10,10,37,0.960096648596716,-0.6715318785455,2.59172517573893,"10:1"
1,1,1,10,10,38,1.18026354632053,-0.219826230519702,2.58035332316076,"10:1"
1,1,1,10,10,39,2.04805239155826,0.97869115376398,3.11741362935254,"10:1"
1,1,1,10,10,40,1.2120005986578,0.210276770292865,2.21372442702274,"10:1"
1,1,1,10,10,41,0.86502902503049,-0.809782941845587,2.53984099190657,"10:1"
1,1,1,10,10,42,1.47240636762932,0.757909493074352,2.18690324218429,"10:1"
1,1,1,10,10,43,1.3807167163869,-0.19146878384027,2.95290221661408,"10:1"
1,1,1,10,10,44,0.248164645825448,-1.35336875308205,1.84969804473295,"10:1"
1,1,1,10,10,45,1.17563568787888,-0.473117821166973,2.82438919692474,"10:1"
1,1,1,10,10,46,1.05384011864675,-0.3735901724033,2.48127040969681,"10:1"
1,1,1,10,10,47,-0.874114942661231,-1.87137859860514,0.123148713282676,"10:1"
1,1,1,10,10,48,1.42375657573286,-0.0436119206269274,2.89112507209265,"10:1"
1,1,1,10,10,49,0.774795413182446,-0.30816900648343,1.85775983284832,"10:1"
1,1,1,10,10,50,1.66969685572337,0.397547544348954,2.94184616709779,"10:1"
1,1,1,10,10,51,-0.285640066803136,-1.3450330979994,0.77375296439313,"10:1"
1,1,1,10,10,52,1.59743982861507,0.741735355909484,2.45314430132065,"10:1"
1,1,1,10,10,53,0.751210402976024,-0.456211734684856,1.9586325406369,"10:1"
1,1,1,10,10,54,1.89636047013617,0.214799590580929,3.57792134969141,"10:1"
1,1,1,10,10,55,2.59801718925165,1.13950568548426,4.05652869301905,"10:1"
1,1,1,10,10,56,-0.358522416096534,-1.42629901346387,0.709254181270804,"10:1"
1,1,1,10,10,57,0.832352997800003,0.0501948598341161,1.61451113576589,"10:1"
1,1,1,10,10,58,3.37762034369849,2.13356110965898,4.621679577738,"10:1"
1,1,1,10,10,59,2.03242890676262,0.143032513901679,3.92182529962357,"10:1"
1,1,1,10,10,60,0.949683791838545,0.438121941823503,1.46124564185359,"10:1"
1,1,1,10,10,61,0.603035656033105,-0.632376639249029,1.83844795131524,"10:1"
1,1,1,10,10,62,0.634480233008928,-0.918739307620809,2.18769977363867,"10:1"
1,1,1,10,10,63,1.23118711448902,0.235714907253055,2.22665932172499,"10:1"
1,1,1,10,10,64,1.12255845897682,0.236281718653459,2.00883519930017,"10:1"
1,1,1,10,10,65,1.76545307594171,-0.155970821662375,3.68687697354579,"10:1"
1,1,1,10,10,66,0.495161457662704,-1.05699044012161,2.04731335544702,"10:1"
1,1,1,10,10,67,0.247898519603639,-1.84268762841497,2.33848466762225,"10:1"
1,1,1,10,10,68,-0.0622548831160252,-1.20050837144178,1.07599860520973,"10:1"
1,1,1,10,10,69,1.10271879134893,0.129441061272433,2.07599652142543,"10:1"
1,1,1,10,10,70,0.438925370713752,-0.857051679012959,1.73490242044046,"10:1"
1,1,1,10,10,71,0.950368167707652,-0.618191923200753,2.51892825861606,"10:1"
1,1,1,10,10,72,1.03324588310636,-0.473292794454889,2.53978456066761,"10:1"
1,1,1,10,10,73,1.41564146709286,-0.18679258282756,3.01807551701329,"10:1"
1,1,1,10,10,74,1.06926070801094,-0.264826206110166,2.40334762213204,"10:1"
1,1,1,10,10,75,0.898484622903563,-0.628964212554655,2.42593345836178,"10:1"
1,1,1,10,10,76,1.27736495904201,-0.259574660729699,2.81430457881371,"10:1"
1,1,1,10,10,77,0.678427011700889,-0.370118785258633,1.72697280866041,"10:1"
1,1,1,10,10,78,0.219368467132756,-0.809865322199819,1.24860225646533,"10:1"
1,1,1,10,10,79,1.22426892674341,0.743495154936863,1.70504269854996,"10:1"
1,1,1,10,10,80,1.311739682511,-0.351938209478146,2.97541757450015,"10:1"
1,1,1,10,10,81,1.12580461515655,-1.44510276445242e-05,2.25162368134074,"10:1"
1,1,1,10,10,82,1.61046460947496,0.346780337709355,2.87414888124056,"10:1"
1,1,1,10,10,83,2.17843874670448,0.496188037711888,3.86068945569707,"10:1"
1,1,1,10,10,84,1.59236256061555,0.228936880246944,2.95578824098415,"10:1"
1,1,1,10,10,85,1.48784963967306,-0.41287093756633,3.38857021691245,"10:1"
1,1,1,10,10,86,0.958103089131996,-0.862156378796515,2.77836255706051,"10:1"
1,1,1,10,10,87,-0.0653882663598681,-0.909146058759086,0.77836952603935,"10:1"
1,1,1,10,10,88,1.75276363786147,0.419896160092971,3.08563111562998,"10:1"
1,1,1,10,10,89,0.471910098534574,-1.09089858253817,2.03471877960732,"10:1"
1,1,1,10,10,90,0.499772034131698,-1.37053243439535,2.37007650265874,"10:1"
1,1,1,10,10,91,1.03096397631033,-0.371506123333593,2.43343407595425,"10:1"
1,1,1,10,10,92,0.618130913466961,-0.854881536451517,2.09114336338544,"10:1"
1,1,1,10,10,93,0.394164048035233,-0.265503804369174,1.05383190043964,"10:1"
1,1,1,10,10,94,0.327630437250001,-1.57111125733395,2.22637213183395,"10:1"
1,1,1,10,10,95,0.437994557003928,-1.52499026609147,2.40097938009933,"10:1"
1,1,1,10,10,96,2.00727047775745,0.679728478752705,3.3348124767622,"10:1"
1,1,1,10,10,97,0.21460995919344,-1.38611616823087,1.81533608661774,"10:1"
1,1,1,10,10,98,0.58740654874207,-0.316578126072038,1.49139122355618,"10:1"
1,1,1,10,10,99,0.415598781335124,-0.518279598352036,1.34947716102228,"10:1"
1,1,1,10,10,100,0.315799550592427,-1.48337685885807,2.11497596004292,"10:1"
1,1,1,5,30,1,1.41080323681814,-0.249526796849843,3.07113327048612,"10:1"
1,1,1,5,30,2,0.346545261906893,-2.8863253704318,3.57941589424559,"10:1"
1,1,1,5,30,3,1.13418509844318,-2.54381483413232,4.81218503101868,"10:1"
1,1,1,5,30,4,0.150478908517134,-1.64011709593405,1.94107491296832,"10:1"
1,1,1,5,30,5,0.132164222571355,-1.97142281205261,2.23575125719532,"10:1"
1,1,1,5,30,6,0.758852556118326,-0.511633876835554,2.02933898907221,"10:1"
1,1,1,5,30,7,0.905679568860352,-0.526483379814552,2.33784251753526,"10:1"
1,1,1,5,30,8,1.56613951347944,-1.15063246474112,4.2829114917,"10:1"
1,1,1,5,30,9,1.4930342351221,0.475298515994202,2.51076995425,"10:1"
1,1,1,5,30,10,0.462719830470372,-1.63980589403977,2.56524555498051,"10:1"
1,1,1,5,30,11,-0.279686234278289,-1.54307040880708,0.983697940250501,"10:1"
1,1,1,5,30,12,2.50958258556786,0.205528277508619,4.8136368936271,"10:1"
1,1,1,5,30,13,0.593611435633676,-2.81022650679249,3.99744937805984,"10:1"
1,1,1,5,30,14,1.63162133652129,-1.16419909216938,4.42744176521196,"10:1"
1,1,1,5,30,15,1.73987974918717,1.11172565637956,2.36803384199478,"10:1"
1,1,1,5,30,16,-1.51874284050347,-2.84264074046779,-0.194844940539139,"10:1"
1,1,1,5,30,17,1.15222712235634,0.451585348189911,1.85286889652276,"10:1"
1,1,1,5,30,18,0.193501859611641,-0.360843810199708,0.74784752942299,"10:1"
1,1,1,5,30,19,0.921865331540756,-0.921932381414533,2.76566304449604,"10:1"
1,1,1,5,30,20,0.471456332528022,-0.716010291686449,1.65892295674249,"10:1"
1,1,1,5,30,21,NA,NA,NA,"10:1"
1,1,1,5,30,22,2.59116893892613,0.990742416627456,4.19159546122481,"10:1"
1,1,1,5,30,23,1.25900485135383,0.574141383780279,1.94386831892738,"10:1"
1,1,1,5,30,24,-0.0406337407708752,-1.03098814194384,0.949720660402088,"10:1"
1,1,1,5,30,25,NA,NA,NA,"10:1"
1,1,1,5,30,26,2.03760615043448,0.329880208351927,3.74533209251703,"10:1"
1,1,1,5,30,27,1.25240356894542,-1.16149122504216,3.66629836293299,"10:1"
1,1,1,5,30,28,1.54729744531234,0.256347985816951,2.83824690480772,"10:1"
1,1,1,5,30,29,0.972740657848554,-0.686182826999134,2.63166414269624,"10:1"
1,1,1,5,30,30,0.540421303413265,-0.684252208919058,1.76509481574559,"10:1"
1,1,1,5,30,31,NA,NA,NA,"10:1"
1,1,1,5,30,32,1.08846670442325,-0.0612620877918184,2.23819549663831,"10:1"
1,1,1,5,30,33,-0.48901411799212,-2.15998936348582,1.18196112750158,"10:1"
1,1,1,5,30,34,-0.399560790751013,-2.88791541427409,2.08879383277206,"10:1"
1,1,1,5,30,35,2.84682907960871,0.820690893909776,4.87296726530765,"10:1"
1,1,1,5,30,36,1.34874844949201,-1.60510489193878,4.30260179092279,"10:1"
1,1,1,5,30,37,NA,NA,NA,"10:1"
1,1,1,5,30,38,NA,NA,NA,"10:1"
1,1,1,5,30,39,NA,NA,NA,"10:1"
1,1,1,5,30,40,-1.1682458717452,-1.9343287467967,-0.402162996693693,"10:1"
1,1,1,5,30,41,0.471950076928698,-0.786165961293071,1.73006611515047,"10:1"
1,1,1,5,30,42,1.33456582647836,-0.489122924959983,3.1582545779167,"10:1"
1,1,1,5,30,43,0.576276771664286,-2.47417959730012,3.62673314062869,"10:1"
1,1,1,5,30,44,0.241672599676299,-2.30860190151429,2.79194710086689,"10:1"
1,1,1,5,30,45,2.66190734679815,-0.613116026631249,5.93693072022756,"10:1"
1,1,1,5,30,46,1.695640754689,-0.970260505127769,4.36154201450576,"10:1"
1,1,1,5,30,47,1.59292459761511,0.912024155818716,2.27382503941151,"10:1"
1,1,1,5,30,48,0.332424393968519,-3.06307577021787,3.72792455815491,"10:1"
1,1,1,5,30,49,1.5752172605308,-0.607471545129204,3.7579060661908,"10:1"
1,1,1,5,30,50,-1.30003185519857,-4.25823258300922,1.65816887261209,"10:1"
1,1,1,5,30,51,1.18352194306162,0.420602927467866,1.94644095865537,"10:1"
1,1,1,5,30,52,NA,NA,NA,"10:1"
1,1,1,5,30,53,2.94103579253233,1.48948744629252,4.39258413877213,"10:1"
1,1,1,5,30,54,-0.066510970912538,-2.28785818578716,2.15483624396209,"10:1"
1,1,1,5,30,55,0.422707398352313,-0.533150966333941,1.37856576303857,"10:1"
1,1,1,5,30,56,-0.109531155303756,-1.22204295006239,1.00298063945488,"10:1"
1,1,1,5,30,57,1.71670395850166,-0.611394405581336,4.04480232258465,"10:1"
1,1,1,5,30,58,-0.347537194330449,-3.73630798011105,3.04123359145015,"10:1"
1,1,1,5,30,59,2.0744358008017,0.265093344324867,3.88377825727853,"10:1"
1,1,1,5,30,60,-0.180212351614225,-0.889499586436811,0.529074883208361,"10:1"
1,1,1,5,30,61,-0.064941959657043,-1.61734352170886,1.48745960239477,"10:1"
1,1,1,5,30,62,1.09506472829265,0.268987141044319,1.92114231554099,"10:1"
1,1,1,5,30,63,1.12918088353392,-1.38877404027389,3.64713580734173,"10:1"
1,1,1,5,30,64,0.190654130692644,-0.954065173488259,1.33537343487355,"10:1"
1,1,1,5,30,65,NA,NA,NA,"10:1"
1,1,1,5,30,66,2.20145077063383,1.09128741984446,3.31161412142319,"10:1"
1,1,1,5,30,67,0.591664699190925,-0.996272902225049,2.1796023006069,"10:1"
1,1,1,5,30,68,1.06444774030012,-1.48692256709186,3.61581804769209,"10:1"
1,1,1,5,30,69,1.60811662701075,0.740489207387016,2.47574404663449,"10:1"
1,1,1,5,30,70,1.88294177152452,-0.304796064654235,4.07067960770327,"10:1"
1,1,1,5,30,71,0.767786876760863,-1.39903692950588,2.93461068302761,"10:1"
1,1,1,5,30,72,-1.01311205220401,-1.48749879532087,-0.538725309087158,"10:1"
1,1,1,5,30,73,1.71067653224184,-0.858982811765248,4.28033587624892,"10:1"
1,1,1,5,30,74,-0.31997296237497,-1.72996537702308,1.09001945227314,"10:1"
1,1,1,5,30,75,2.06895760198004,1.01865173629313,3.11926346766696,"10:1"
1,1,1,5,30,76,0.863470257150388,-0.567779703079628,2.2947202173804,"10:1"
1,1,1,5,30,77,1.76833994451902,0.0920561989640836,3.44462369007395,"10:1"
1,1,1,5,30,78,1.01493082670453,-0.613651996353329,2.64351364976238,"10:1"
1,1,1,5,30,79,1.34293070462278,-0.715617559168833,3.40147896841439,"10:1"
1,1,1,5,30,80,0.969889728425519,-0.529824596055977,2.46960405290701,"10:1"
1,1,1,5,30,81,2.24027188405946,0.302350237073871,4.17819353104504,"10:1"
1,1,1,5,30,82,1.15554242591779,0.71284964650618,1.5982352053294,"10:1"
1,1,1,5,30,83,0.39973872454211,-1.81858113083541,2.61805857991963,"10:1"
1,1,1,5,30,84,0.549442538168083,-0.991099070368706,2.08998414670487,"10:1"
1,1,1,5,30,85,-0.158482288836788,-4.2125785881661,3.89561401049252,"10:1"
1,1,1,5,30,86,1.47867121526374,-0.177885002391452,3.13522743291894,"10:1"
1,1,1,5,30,87,-0.420451819436383,-0.966996662997873,0.126093024125106,"10:1"
1,1,1,5,30,88,1.60746778690052,-2.48126995788779,5.69620553168884,"10:1"
1,1,1,5,30,89,-0.563554359460289,-2.20035363675341,1.07324491783283,"10:1"
1,1,1,5,30,90,1.45281272040609,-1.19729561355127,4.10292105436345,"10:1"
1,1,1,5,30,91,2.02978796672919,-0.897561469661228,4.95713740311962,"10:1"
1,1,1,5,30,92,1.0129498139224,-0.123447603790534,2.14934723163533,"10:1"
1,1,1,5,30,93,1.40346704976834,0.0838369812468946,2.72309711828978,"10:1"
1,1,1,5,30,94,-0.450972191070582,-2.16039175788739,1.25844737574623,"10:1"
1,1,1,5,30,95,1.56488992946165,-0.143600635657744,3.27338049458104,"10:1"
1,1,1,5,30,96,-0.746250146419502,-4.75029482049758,3.25779452765857,"10:1"
1,1,1,5,30,97,1.69884939124384,0.725645052021114,2.67205373046656,"10:1"
1,1,1,5,30,98,NA,NA,NA,"10:1"
1,1,1,5,30,99,0.0741485318890292,-0.662385205175158,0.810682268953216,"10:1"
1,1,1,5,30,100,0.118072435465844,-1.14279402921645,1.37893890014814,"10:1"
